Python,3325
SQL,3104
Machine Learning,2297
R,2234
Hadoop,1714
Spark,1531
Java,1480
Tableau,1236
Data Mining,1059
Hive,966
SAS,941
Big Data,916
AWS,883
Scala,837
NoSQL,607
C/C++,577
Natural Language Processing,570
Oracle,526
Data Warehouse,520
Linux,490
AI,479
Microsoft SQL Server,476
TensorFlow,465
Kafka,456
Data Analysis,448
Azure,442
MATLAB,418
Microsoft Office,383
Scripting,377
Pig,349
Git,336
Microsoft Powerpoint,334
Excel,331
Design Experience,317
JavaScript,309
HBase,307
Cassandra,289
PostgreSQL,289
MySQL,283
Perl,283
SPSS,278
Software Development,271
Shell Scripting,261
Data Science,249
Docker,238
MongoDB,237
.Net,221
Project Management,220
Business Intelligence,201
S3,195
Statisical Analysis,192
C#,188
Informatica,188
Ruby,181
Google Cloud Platform,179
Elasticsearch,178
Image Processing,177
Power BI,177
TS/SCI Clearance,175
OOP,166
Teradata,149
Statistical Software,147
Microsoft Access,145
REST,145
CI/CD,144
Splunk,144
Marketing,133
JSON,128
SDLC,125
Jira,122
Data Management,121
Quantitative Analysis,121
Leadership Experience,120
Apache,118
DynamoDB,118
Jenkins,117
XML,114
SAP,112
PHP,104
Alteryx,100
Time Management,97
HTML5,96
Visual Basic,93
STATA,90
QlikView,89
Analysis Skills,87
Solr,86
Military Experience,84
T-SQL,80
Business Analysis,79
Kubernetes,77
Predictive Analytics,77
Network,72
Visio,67
PL/SQL,64
CI,63
DB2,63
Go,62
CSS,58
Cloud Computing,57
Microsoft Word,57
Pentaho,56
GIS,54
SVN,52
Sentiment Analytics,52
SharePoint,50
Signal Processing,49
Angular,47
Confluence,47
Crystal Reports,47
Google Analytics,47
Design Patterns,44
Experimental Design,44
Unit Testing,44
Troubleshooting,43
Weka,43
Chef,41
CompTIA Security+,39
Database Administration,39
IT Experience,39
Maven,38
Threading,37
System Design,34
Ansible,33
PowerShell,33
Redis,33
Lucene,32
Digital Marketing,28
ERP Systems,28
ArcGIS,27
Node.js,27
Salesforce CRM,27
Build Automation,25
CISSP,25
React,25
TFS,24
ZooKeeper,24
Information Security,23
Management Experience,23
Spring,23
Visual Studio,23
Accounting,22
Red Hat Enterprise Linux,22
Marketing Automation,21
Service-Oriented Architecture,21
Technical Writing,21
Financial Modeling,18
Kanban,18
Martech,18
SOAP,18
Clojure,17
SaaS,17
Web Development,17
Epic,16
Intelligence Experience,16
Management Consulting,16
OBIEE,16
Akka,15
Mesos,15
Test Automation,15
Lean,14
Minitab,14
Omniture,14
Operations Research,14
Survey Design,14
Attribution Modeling,13
Bioinformatics,13
Clinical Trials,13
Customer Segmentation,13
Google AdWords,13
Performance Marketing,13
Quantitative Research,13
TCP,13
Doubleclick,12
Eclipse,12
Multichannel Marketing,12
PMP,12
RMF,12
Six Sigma Certification,12
Software Testing,12
Supervising Experience,12
TCP/IP,12
Telecommunication,12
VMWare,12
iOS,12
Adobe Marketing,11
Audits,11
Hyperion,11
IIS,11
IaaS,11
OpenStack,11
Conversion Optimization,10
MCSD,10
Microsoft Windows Server,10
NIST,10
SSH,10
Supply Chain Experience,10
UI,10
Control-M,9
Facebook Advertising,9
HDI Certification,9
Haskell,9
Load Balancing,9
Sybase,9
Drivers License,8
4G/LTE,8
CentOS,8
Cybersecurity,8
Database Marketing,8
DoD 8570,8
HTTPS,8
Identity And Access Management,8
PaaS,8
PeopleSoft,8
Process Management,8
Social Media Management,8
Workday,8
CPT Coding,7
Compliance Management,7
Customer Service,7
FTP,7
GraphQL,7
ITIL,7
Intelligence Community Experience,7
Microsoft Project,7
Project Planning,7
Quality Management,7
Qualtrics,7
SPARQL,7
Teaching Experience,7
Tomcat,7
Application Support,6
Bootstrap,6
Certified Internal Auditor,6
Clinical Research,6
Continuous Improvement,6
DNS,6
Distributed Control Systems,6
Embedded Software,6
Google Suite,6
ICD Coding,6
Mac OS,6
Managed Care,6
Marketing Mix Modeling,6
NGINX,6
Next Generation Sequencing,6
PCI,6
Project Management Methodology,6
Puppet,6
Qualitative Research,6
Routing Protocols,6
SOX,6
SSL,6
Salesforce Marketing Cloud,6
Six Sigma,6
Strategic Planning,6
UX,6
Ubuntu,6
Windows,6
CDISC Standards,5
CPA,5
Epidemiology,5
FPGA,5
IPsec,5
Laboratory Experience,5
MCSA,5
Medical Terminology,5
New Relic,5
Objective-C,5
PostGIS,5
Process Improvement,5
Programmable Logic Controllers,5
Selenium,5
Survival Analysis,5
System Administration,5
XSLT,5
ADAS,4
Active Directory,4
Adobe Photoshop,4
Ant,4
E-Commerce,4
Email Marketing,4
Epic Certification,4
HP ALM,4
ICD-10,4
ICD-9,4
LDAP,4
Lua,4
Molecular Biology,4
Project Implementation,4
Project Leadership,4
Swift,4
VersionOne,4
 Project / Program Management,3
Aviation Experience,3
Bilingual,3
CAD,3
CAD Software,3
Certified Scrum Master,3
Change Management,3
Content Management Systems,3
FISMA,3
FedRAMP,3
Fortran,3
GAAP,3
Hibernate,3
IAT,3
InVision,3
JBoss,3
Juniper,3
LAMP Stack,3
Lean Manufacturing,3
Marketo,3
Media Buying,3
NFS,3
Network Security,3
Oracle EBS,3
Process Engineering,3
Process Mapping,3
Product Demos,3
Quality Control,3
Sales Experience,3
Technical Support,3
WebSphere,3
XQuery,3
ACH,2
AJAX,2
APICS Certification,2
Adobe Acrobat,2
Adobe Creative Suite,2
Biostatistics,2
Business Process Reengineering,2
CCNA,2
CEH,2
CGMP,2
Cerner,2
Coaching Experience,2
Computer Graphics,2
Design Controls,2
Drupal,2
Ember,2
Financial Accounting,2
Front-End Development,2
GSEC,2
IAT Level II,2
IDS,2
IVR,2
Internal Audits,2
JD Edwards,2
Legal Research,2
MCSE,2
MPLS,2
Magento,2
Malware Analysis,2
Medical Coding,2
Medical Imaging,2
Medical Insurance,2
PPC Campaign Management,2
Perforce,2
RN,2
Regulatory Reporting,2
Retail Link,2
Rust,2
SQLite,2
Transportation Management,2
Unity,2
WordPress,2
iWork,2
3G,1
Acquisition Strategy,1
Adobe InDesign,1
Affiliate Marketing,1
Agriculture,1
Android,1
B2B Sales,1
BC/BE,1
BGP,1
Basic Computer Skills,1
Business Management,1
CCDA,1
CCNA Security,1
CCNP,1
CFE,1
CISM,1
CPHQ,1
CSSLP,1
Calculus,1
Calibration,1
Cash Flow Analysis,1
Cell Biology,1
Certified Compensation Professional,1
Certified Compliance And Ethics Professional,1
Certified Information Systems Auditor,1
Certified Management Accountant,1
Certified Project Manager,1
Chartered Financial Analyst,1
Cisco Routers,1
Clean Driving Record,1
CompTIA Network+,1
Conflict Management,1
Cordova,1
DHCP,1
Ellucian,1
Employee Evaluation,1
Enrolled Agent,1
Erlang,1
FINRA License,1
FIPS,1
FileMaker,1
Firewall,1
GPEN,1
Genetics,1
Google Search Console,1
Grant Writing,1
Heroku,1
HubSpot,1
IAT Level I,1
ICU,1
IFRS,1
ISO 9001,1
Immunoassays,1
Integrated Library System,1
JNCIA,1
LMRT,1
LMS,1
Learning Technology,1
MCITP,1
MCP,1
MCTS,1
Maya,1
MicroStation,1
NCQA Standards,1
Network Engineering,1
Network Infrastructure,1
Nursing Experience,1
OSPF,1
Omnigraffle,1
Pardot,1
Payroll,1
Pharmacy Residency,1
Professional In Human Resources,1
Program Management,1
Project Engineering,1
Public Relations,1
Public Speaking,1
RHCE,1
RHIA,1
RHIT,1
Remote Access Software,1
Research Laboratory Experience,1
Responsive Web Design,1
SEO,1
SHRM Certified Professional,1
SSCP,1
Sailpoint,1
Software Troubleshooting,1
Solarwinds,1
Struts,1
Technical Project Management,1
TestNG,1
UltiPro,1
Wireframing,1
Xero,1
openSUSE,1